hour,dollar
0,0.04148
1,0.04148
2,0.04148
3,0.04148
4,0.04148
5,0.04148
6,0.04148
7,0.04148
8,0.04148
9,0.04148
10,0.04245
11,0.04245
12,0.04245
1,0.04175
2,0.04175
3,0.04175
4,0.04175
5,0.04175
6,0.04631
7,0.04631
8,0.04631
9,0.04148
10,0.04148
11,0.04148
